title,sold_price,date_sold,condition,size,brand,platform
VTG 3D Emblem Harley-Davidson Shirt HI - 1991 - Follow Nobody - Black - Size XL,189.97,2026-04-14,Pre-Owned,XL,harley,ebay
Vintage 1995 Hardly Davidson Faded Tank Top L Large Sturgis Black Hills Rally,25.0,2026-04-21,Pre-Owned,L,harley,ebay
VTG 1997 Harley Davidson Shirt Mens XL American Pride Eagle Biker Gainesville FL,29.95,2026-04-21,Pre-Owned,XL,harley,ebay
Vintage Rare 1991 Harley-Davidson Fishing Biker T-Shirt Adults L Single Stitch,59.0,2026-04-21,Pre-Owned,L,harley,ebay
Harley-Davidson Vintage Y2K Looney Tunes Biker T-Shirt Unisex Size XL Augusta GA,30.0,2026-04-21,Pre-Owned,XL,harley,ebay
VTG 2005 Harley Davidson T Shirt XL USA Eagle Flames Faded Black Biker,25.0,2026-04-21,Pre-Owned,XL,harley,ebay
Harley Davidson Road Runner Tee San Benito Texas Vintage Style 2XL,20.0,2026-04-21,Pre-Owned,3XL,harley,ebay
Vintage Harley-Davidson Shirt Adult Small Black Mens Motorcycle Biker Florida,28.75,2025-09-29,Pre-Owned,S,harley,ebay
Vintage 90s Harley Davidson T-Shirt No Worries 1992 Biker Tee Single Stitch Sz L,12.87,2026-04-21,Pre-Owned,L,harley,ebay
Vintage Harley Davidson Motorcycles Skull Flames Long Sleeve Shirt Size Large,40.0,2026-04-21,Pre-Owned,L,harley,ebay
Vintage Harley Davidson Shirt Mens Large Black Crystal River Florida Eagle Biker,28.95,2026-04-21,Pre-Owned,L,harley,ebay
Vintage 2003 Harley-Davidson Grand Cayman Pirates Tropical Biker Tank Top USA XL,18.69,2026-04-21,Pre-Owned,XL,harley,ebay
#13 Vintage Harley Davidson (T) HOUSTON TX.. XL NEW WITH TAG T SHRIT TIME,37.5,2026-04-21,Brand New,XL,harley,ebay
"# 14 Vintage Harley Davidson T-Shirt NORTHSHORE SLIDELL,LA Size XL NEW WITH TAG",37.5,2026-04-21,Brand New,XL,harley,ebay
Harley Davidson T Shirt Mens XL Black Tribal Flames Graphic Y2K VTG 2006 Logo,17.99,2026-04-21,Pre-Owned,XL,harley,ebay
Vintage Harley-Davidson T-Shirt Mens Size L Orange USA Made Graphic,31.12,2026-04-21,Pre-Owned,L,harley,ebay
VTG Chicago Illinois Harley Davidson Shirt Mens Black Gangster Biker XXL 90s,40.0,2026-04-21,Pre-Owned,2XL,harley,ebay
Vintage Harley Davidson Mens T-Shirt 90s Size XL Black Made in UK Short Sleeve,31.24,2026-04-21,Pre-Owned,XL,harley,ebay
Vtg Harley Davidson Hanes Beefy T-shirt Mens Large Yellow Work Sucks Made In USA,3.49,2026-04-21,Pre-Owned,L,harley,ebay
Vintage 1993 Harley Davidson Looney Tunes Taz Bugs Tee Large The Bike of choice,90.0,2026-04-21,Pre-Owned,L,harley,ebay
Harley Davidson Bahamas Spell Out Logo T Shirt Mens L Vintage,17.99,2026-04-21,Pre-Owned,L,harley,ebay
Vintage Harley Davidson Chicago Hanes Beefy T Men's Long Sleeve Black Size XL,34.99,2026-04-21,Pre-Owned,XL,harley,ebay
Vintage Y2K Harley Davidson Feel The Heat T-shirt XL,34.99,2026-04-21,Pre-Owned,XL,harley,ebay
vintage harley davidson t shirt xl,35.0,2026-04-21,Pre-Owned,XL,harley,ebay
Vintage Harley Davidson Henley Tee 2001 XL,30.0,2026-04-21,Pre-Owned,XL,harley,ebay
Rare Vintage 1980 Single Stitch Harley Davidson Shirt W/Puff Print Screen Star,85.99,2026-04-21,Pre-Owned,XL,harley,ebay
Vintage Harley Davidson Pig Sex Animal Biker Motorcycle T-Shirt L 90s,69.99,2026-04-21,Pre-Owned,L,harley,ebay
Vintage Harley Davidson Connecticut Long Tall 2XL T-shirt,19.99,2026-04-21,Pre-Owned,2XL,harley,ebay
80's Vintage 3D Emblem Harley Davidson Righteous Ruler Eagle Shirt Men's Small,200.0,2026-04-21,Pre-Owned,S,harley,ebay
Vtg Harley Davidson Proud Riders Shirt 3XL Whitt’s Manassas VA Single Stitch USA,19.99,2026-04-21,Pre-Owned,3XL,harley,ebay
Vtg Harley-Davidson Y2K XL Black T Shirt Earl Small’s Marietta Atlanta Georgia,32.0,2026-04-21,Pre-Owned,XL,harley,ebay
Harley Davidson Motorcycle Tropical Bahamas T Shirt Mens XL Blue Vintage,19.99,2025-12-10,New (Other),XL,harley,ebay
3D Emblem Harley Davidson T-Shirt XL Mens Black Survival Of The Fittest Dog 1993,189.42,2026-04-21,Pre-Owned,XL,harley,ebay
Vintage Harley Davidson Tie Dye T-Shirt Men’s Sz 2XL Single Stitch USA 90s Biker,42.49,2026-04-21,Pre-Owned,2XL,harley,ebay
Harley Davidson Looney Tunes Taz Y2K Vintage Yellow T-shirt Tee XXL,25.19,2026-04-21,Pre-Owned,2XL,harley,ebay
Vintage Harley Davidson T Shirt Y2K 2007 Dragon Orange Size Large,10.0,2026-04-21,Pre-Owned,L,harley,ebay
VTG Harley Davidson Sturgis Black Hills Rally 1991 Single Stitch Tee Shirt XL,59.95,2026-04-21,Pre-Owned,XL,harley,ebay
Vintage Harley Davidson Shirt Size Medium Black Sleeveless Eagle Dragon Waco TX,17.97,2026-04-21,Pre-Owned,M,harley,ebay
Mens Harley Davidson Vintage Shirt 2XL Biker Shirt Blue,18.0,2026-04-21,Pre-Owned,2XL,harley,ebay
Vintage 1988 Harley-Davidson Beer Mug T-SHIRT SINGLE Stitch 3D Emblem Rare Black,200.0,2026-04-21,Pre-Owned,L,harley,ebay
Vintage 90s Harley Davidson Motorcycles Legends Live Biker T Shirt Size L,45.0,2026-04-21,Pre-Owned,L,harley,ebay
60s - 70s VINTAGE MERT LAWWILL HARLEY DAVIDSON #1 T-SHIRT FLAT TRACK RACING,7.99,2026-04-21,Brand New,XL,harley,ebay
Vintage 1980 3D Emblem Harley Davidson Screaming Eagle Santa Cruz Reprint S-5XL,7.99,2026-04-12,Brand New,XL,harley,ebay
Harley Davidson 90s Vintage T Shirt Reprint Biker Graphic Tee Mens S-5XL,7.99,2026-04-12,Brand New,XL,harley,ebay
Vintage Harley Davidson Shirt Mens 2XL White Long Sleeve Flames Biker Y2K,39.99,2026-04-21,Pre-Owned,2XL,harley,ebay
Vtg Harley Davidson Motorcycles Biker Flames Y2K Long Sleeve Shirt Size XL,49.98,2026-04-21,Pre-Owned,XL,harley,ebay
Vintage harley davidson bald eagle flame long sleeve 3D emblem shirt grail Large,130.0,2026-04-20,Pre-Owned,L,harley,ebay
Vintage Harley Davidson Holubek Single Stitch T Shirt Black Large,100.0,2026-04-20,Pre-Owned,L,harley,ebay
Vintage Lot of 90s/early 2000s Harley Davidson & Biker T shirts SIZE XL 🔥🔥🔥,60.0,2026-04-20,Pre-Owned,XL,harley,ebay
Vtg Harley Davidson Big Logo T-Shirt Men's L Black 1998 Short Sleeve Faded Rare,26.99,2026-04-20,Pre-Owned,L,harley,ebay
Vintage 1990's Stitch Stitch Harley-Davidson shirt MEDIUM Los Angeles Distressed,23.96,2026-04-20,Pre-Owned,M,harley,ebay
Vintage REPRINT Harley Davidson Blue Flame T-Shirt XL Faded Single Stitch,54.99,2026-04-20,Pre-Owned,XL,harley,ebay
Vintage REPRINT Harley Davidson Chrome Sweet Chrome Longsleeve Flame T-Shirt XL,59.0,2026-04-19,New (Other),XL,harley,ebay
Vintage Harley-Davidson Motorcycles Shirt Size Small Pink Y2K Logo Riverboat,17.99,2026-04-20,Pre-Owned,S,harley,ebay
Vintage Y2K Harley-Davidson Genuine Legend Double Sided Biker Shirt Youth 12/14,11.04,2026-04-20,Pre-Owned,,harley,ebay
Vintage Harley Davidson Shirt Men’s Medium White Flame Sleeve USA Y2K,33.24,2026-04-20,Pre-Owned,M,harley,ebay
Vintage 1992 Harley Davidson Protect Wildlife Party At Sturgis 3D Emblem Mens XL,127.5,2026-04-20,Pre-Owned,XL,harley,ebay
Vintage 90s Harley Davidson Eagle T-Shirt All Over Print Mens XL Black Biker,99.99,2026-04-20,Pre-Owned,XL,harley,ebay
New Harley-Davidson T-Shirt with Vintage Oil Barrel and Motorcycles,24.0,2026-04-20,Brand New,M,harley,ebay
Vintage REPRINT Harley Davidson Blue Flame T-Shirt XL Faded Single Stitch,54.99,2026-04-20,Pre-Owned,XL,harley,ebay
"RARE VTG Harley-Davidson Black T-Shirt Blue Flame Graphic, Tucson, 4XL",325.0,2026-04-20,Pre-Owned,4XL,harley,ebay
Black Vintage 2012 Harley Davidson X Tunes T Shirt Featuring Marvin The Martian,55.0,2026-04-20,Pre-Owned,L,harley,ebay
Vintage Trademark Harley Davidson T-shirt Tye Dye Classic Mens Medium M,40.0,2026-04-20,Pre-Owned,M,harley,ebay
VTG Harley Davidson Shirt Mens 2X Eagle Biker Double Sided Sun Faded Florida USA,25.0,2026-04-20,Pre-Owned,BIG,harley,ebay
Vintage 80s Harley Davidson Eagle Long Sleeve Waffle Thermal Shirt Sz Small Rare,139.99,2026-04-20,Pre-Owned,S,harley,ebay
Vintage Harley Davidson Fall Foliage Ride T-Shirt L USA Made Camelback Poconos,20.0,2026-04-20,Pre-Owned,L,harley,ebay
Vintage Harley Davidson T-Shirt 2XL Bike Week Daytona 1997 Single Stitch Faded,19.49,2026-04-20,Pre-Owned,2XL,harley,ebay
NWT VTG Harley-Davidson T-Shirt Mens XL Black 100 Years Appleton TN Y2K,31.46,2026-04-20,Brand New,XL,harley,ebay
Vintage 80’s New NOS Harley Davidson Born In The USA Eagle Thermal Waffle XL GEM,50.0,2026-04-20,New (Other),XL,harley,ebay
***Vtg Harley Davidson Shirt 1990 3D Emblem Size Lg. USA Single Stitch T-Shirt,69.99,2026-04-20,Pre-Owned,L,harley,ebay
Vintage Harley Davidson Willie G Skull Button Up Shirt Mens 2XL Gray Mechanic,40.51,2026-04-20,Pre-Owned,2XL,harley,ebay
Vintage REPRINT Harley Davidson Spider Web Longsleeve Tee Shirt Lg Travis Scott,59.0,2026-04-20,New (Other),L,harley,ebay
Vintage Harley-Davidson Shirt Mens 2XL Black Long Sleeve Gails Kansas City MO,29.99,2026-04-20,Pre-Owned,2XL,harley,ebay
Vintage Y2K Harley-Davidson American Flag Bald Eagle T Shirt Mens Sz XL Black,25.46,2026-04-20,Pre-Owned,XL,harley,ebay
"1990 Harley Davidson America Starts Here - York, PA - Shirt XL - Open House VTG",25.0,2026-04-20,Pre-Owned,XL,harley,ebay
VTG 1991 Harley-Davidson Holoubek Ride Like The Wind T-Shirt Men’s L Black USA,67.96,2026-04-20,Pre-Owned,L,harley,ebay
Vintage Harley Davidson T-Shirt Mens Large Black Duluth Minnesota Lift Bridge,18.97,2026-04-20,Pre-Owned,L,harley,ebay
Vintage Harley-Davidson Shirt Mens XL Black Pocket Tee Made USA Abernathys 00s,29.99,2026-04-20,Pre-Owned,XL,harley,ebay
Vintage Harley Davidson The Last Great American Shirt XL 1988 Capitol Michigan,25.0,2026-04-20,Pre-Owned,XL,harley,ebay
Vintage 90s Harley Davidson Motorcycles Faded Biker Graphic Shirt Size XL,39.99,2026-04-20,Pre-Owned,XL,harley,ebay
Vintage 2000s Harley Davidson Aruba Warrior T Shirt XL Bike XL,15.99,2026-04-20,Pre-Owned,XL,harley,ebay
Vintage 1989 Harley Davidson Shirt XL York Museum Shirt R.K. Stratman USA Made,25.0,2026-04-20,Pre-Owned,XL,harley,ebay
Vintage Bold Harley Davidson NJ Single Stitch Holoubek T-Shirt XL Vtg Biker 90s,24.7,2026-04-20,Pre-Owned,XL,harley,ebay
Harley Davidson 2001 Hungary Foreign Long Sleeve Vintage Flames White Biker Y2K,54.99,2026-04-20,Pre-Owned,M,harley,ebay
Vintage 1989 12th Annual Redwood Run Harley Davidson T-Shirt Size L California,39.0,2026-04-20,Pre-Owned,L,harley,ebay
VINTAGE 1991 HARLEY DAVIDSON T-SHIRT SYMBOL OF AMERICAN FREEDOM ORLANDO FLA M,131.5,2026-04-20,Pre-Owned,M,harley,ebay
Vintage Harley-Davidson Shirt Men's XL Chicago Black Long Sleeve,24.0,2026-04-20,New (Other),XL,harley,ebay
Vintage Harley Davidson Hollywood California Eagle 3D Emblem Shirt Mens XL 1990,139.3,2026-04-20,Pre-Owned,XL,harley,ebay
Vintage 2000s Harley Davidson Peoria Walters Bros Short Sleeve Shirt XL,15.99,2026-04-20,Pre-Owned,XL,harley,ebay
Vintage Harley Davidson Wings Over America 1990’s XL Single Stitch T-Shirt,39.99,2026-04-20,Pre-Owned,XL,harley,ebay
Sturgis 1998 XL R&P 58th Motorcycle Rally Rushmore Single Stitch VTG Made in USA,9.98,2026-04-20,Pre-Owned,XL,harley,ebay
Harley-Davidson 1990 Vintage 3D Emblem T-Shirt South Is Where It's at Size XL,280.0,2026-04-20,Pre-Owned,XL,harley,ebay
"Men's Vintage 90s Dudley Perkins Co. Harley Davidson, White/Long Sleeve/Size L",29.99,2026-04-20,Pre-Owned,L,harley,ebay
VTG 90s Harley Davidson 3D Emblem Wolf Pack T Shirt Adult XL Distressed,52.46,2026-04-20,Pre-Owned,XL,harley,ebay
Vintage Harley Davidson Atlanta Georgia Shirt Mens Large Beige Graphic Tee 2004,23.99,2026-04-20,Pre-Owned,L,harley,ebay
Vintage Y2K Harley Davidson Redding California Shasta Dam T-Shirt Size XL Biker,22.99,2026-04-20,Pre-Owned,XL,harley,ebay
Vintage Harley Davidson Shirt Men Large 90s 1999 USA Motorcycle Biker Grey,13.81,2026-04-20,Pre-Owned,L,harley,ebay
Harley Davidson Vintage T Shirt Albuquerque Size 3x Made In USA,15.0,2026-04-20,Pre-Owned,3XL,harley,ebay
Vintage 90s I’m Shy But I’ve Got A Big Dick Harley Davidson Lrg Tall T Shirt,99.99,2026-04-20,Pre-Owned,,harley,ebay
Vintage Motorcycle Men’s Tank Top All HD Drags Size 2XL,29.75,2026-04-20,Pre-Owned,2XL,harley,ebay
Vintage Harley Davidson Shirt Mens XLarge Black Motorcycle Graphic Pocket Tee,24.99,2026-04-20,Pre-Owned,XL,harley,ebay
Vintage 1995 Harley Davidson Pocket T Shirt Steel Chattanooga Tennessee 1995 XL,19.99,2026-04-20,Pre-Owned,XL,harley,ebay
Vintage Harley-Davidson Shirt Mens Large Black Bangkok Thailand Graphic Tee,39.99,2026-04-20,Pre-Owned,L,harley,ebay
Vintage 1996 Harley Davidson Outpost Pueblo Colorado Mens Small Stratman Eagle,22.99,2026-04-20,Pre-Owned,S,harley,ebay
Harley-Davidson Y2K Vintage Motorcycle Long Sleeve T-Shirt,70.0,2026-04-20,Pre-Owned,XL,harley,ebay
VINTAGE Harley Davidson Shirt Mens Medium Black Skull Biker Arizona Faded Y2K,29.7,2026-04-20,Pre-Owned,M,harley,ebay
Vintage 1998 Harley Davidson Pocket T-Shirt Men's Medium Lisle Illinois,17.99,2026-04-20,Pre-Owned,M,harley,ebay
Vintage 2002 Y2K Harley Davidson Cut Off T-shirt Men's 2XL Blue Sleeveless Biker,22.5,2026-04-20,Pre-Owned,2XL,harley,ebay
VIntage 1999 Harley Davidson Dudley Perkins San Fran T-Shirt Long Sleeve XL,33.26,2026-04-20,Pre-Owned,XL,harley,ebay
J8 VTG Harley Davidson Motorcycles USA 1 - T Shirt 4XL Black Gray Cotton India,44.0,2026-04-20,Pre-Owned,,harley,ebay
Vintage 90s Harley Davidson Eagle Graphic About to Develop Attitude Shirt Sz XL,70.0,2026-04-20,Pre-Owned,XL,harley,ebay
Vintage Y2K Harley Davidson Flaming Eagle Flag Las Vegas Brown T Shirt Size XL,27.0,2026-04-20,Pre-Owned,XL,harley,ebay
Vintage Harley Davidson Men’s 2XL Kansas City Missouri Worth T Shirt,29.0,2026-04-17,Pre-Owned,2XL,harley,ebay
VTG Y2K Harley-Davidson Jester Clown T-Shirt Mens L Black Distressed Grunge,27.07,2026-04-20,Pre-Owned,L,harley,ebay
Vintage Harley Davidson The Beginning Of A Tradition Burlington NJ 1986 Medium,44.99,2026-04-20,Pre-Owned,M,harley,ebay
Vintage 90s Harley Davidson Tazmanian Devil T-Shirt Mens Large Looney Tunes Taz,30.0,2026-04-20,Pre-Owned,L,harley,ebay
Harley Davidson Wolf AOP Vintage Reprint T-shirt Size Large Single Stitch,59.0,2026-04-14,New (Other),L,harley,ebay
Harley Davidson Mix Shirt Bundle Size Med & Lrg Lot Of 8 Graphic VTG Y2K Modern,70.0,2026-04-20,Pre-Owned,M,harley,ebay
Vintage Harley Davidson Italy Chapter Graphic T-Shirt Men’s Size XL Rare HTF,18.0,2026-04-20,Pre-Owned,XL,harley,ebay
Vintage Y2K Harley Davidson Motorcycles Black Biker Tee Shirt Size 2XL,24.99,2026-04-20,Pre-Owned,2XL,harley,ebay
Vintage 1987 Harley Davidson 3D Emblem Party Animal Hog Tee Size S,100.0,2026-04-20,Pre-Owned,S,harley,ebay
Vintage 80s Harley Davidson SMOKE SIGNALS Whiskey T-Shirt SINGLE STITCH SIZE L,175.0,2026-04-20,Pre-Owned,L,harley,ebay
Vintage Harley Davidson Shirt Men's XL Black Eagle Graphic T-Shirt 90s,24.88,2026-04-20,Pre-Owned,XL,harley,ebay
Vintage Harley Davidson Motorcycle Biker T Shirt Gray El Paso Texas Barnett XL,21.0,2026-04-20,Pre-Owned,XL,harley,ebay
VTG Harley Davidson Men's Custom Gas Tank Graphic Biker T-Shirt Made in USA 2XL,11.0,2026-04-20,Pre-Owned,XL,harley,ebay
Vintage Harley Davidson Shirt Men’s Small Green 2000s Motorcycles USA Biker Tee,19.99,2026-04-20,Pre-Owned,S,harley,ebay
VTG- Harley-Davidson Pocket T-Shirt Short Sleeve 2004 Greenville SC Men sz XL,20.0,2026-04-20,Pre-Owned,XL,harley,ebay
Vintage Harley-Davidson Shirt Mens 2XL Black Eagle Orlando Dick Farmers USA 90s,39.99,2026-04-20,Pre-Owned,2XL,harley,ebay
Vintage 2000s Las Vegas Wolf Eagle Harley Davidson Biker Tee XXL,12.5,2026-04-20,Pre-Owned,2XL,harley,ebay
Lot Of 6 VTG 90's 00’s DISTRESSED T-Shirts Men's Thrashed USA Small Medium FLAWS,23.99,2026-04-20,"Very Worn, Flaws Throughout, See Pics, Stains and Rips",,harley,ebay
Vintage 2006 Harley Davidson Graphic Print Myrtle Beach Shirt Men Sz Med,9.0,2026-04-20,Pre-Owned,M,harley,ebay
4 Piece Vintage T Shirt Bundle,60.0,2026-04-20,Pre-Owned,XL,harley,ebay
New VTG Smaltz's Chester County Harley-Davidson Shirt X Large Black Y2K XL,24.0,2026-04-20,New (Other),XL,harley,ebay
Vintage Harley-Davidson Shirt Mens XL Black Pretoria South Africa Wings USA,22.0,2026-04-20,New (Other),XL,harley,ebay
Vtg Pre-owned Harley T-shirt Red Muskegon MI 3XL 2013,20.0,2026-04-20,Pre-Owned,,harley,ebay
Vintage 90s Harley Davidson Biker Tee Size Large,35.0,2026-04-20,Pre-Owned,L,harley,ebay
Vintage REPRINT Harley Davidson Chrome Sweet Chrome Long sleeve Flame T Shirt XL,59.0,2026-04-20,New (Other),XL,harley,ebay
Vintage 2001 Kerusso Jesus Biker Tee M Guardian Angels Psalm 91:11 Anvil,25.35,2026-04-20,Pre-Owned,M,harley,ebay
Vtg 90s 1999 Harley Davidson Midnight Rider Wolf Purple Flame T-Shirt Size L,49.99,2026-04-20,Pre-Owned,L,harley,ebay
Vintag Harley Davidson 1992 3-D emblem Wolf graphic USA men’s large,106.25,2026-04-20,Pre-Owned,L,harley,ebay
Vintage Y2k Harley Davidson Paris Bastille France Graphic Tee XL Double Sided,24.99,2026-04-20,Pre-Owned,XL,harley,ebay
Vintage 80s Harley Davidson Regina Sask Canada Eagle and Canadian Flag Shirt,39.99,2026-04-20,Pre-Owned,XL,harley,ebay
vintage sioux city native americans x cowboys zip it tee size large,30.0,2026-04-20,Pre-Owned,L,harley,ebay
Vintage Lot Of 14 Vintage T-shirt,250.0,2026-04-20,Pre-Owned,XL,harley,ebay
VTG 80’s Harley-Davidson Purple Eagle Sweatshirt Made In USA Sleeve Hits Rare,59.99,2026-04-20,Pre-Owned,M,harley,ebay
Vintage Jesus Heavenly Devoted Son Of Christ Harley Davidson Spin Black Mens XL,59.95,2026-04-20,Pre-Owned,XL,harley,ebay
Vtg Y2K Harley Davidson Pueblo CO Outpost Biker T-Shirt Size XL Brown Faded,22.0,2026-04-20,Pre-Owned,XL,harley,ebay
VTG Single Stitch Harley Davidson Taku Alaska T-Shirt Men’s XL 2007 Made in USA,9.75,2026-04-20,Pre-Owned,XL,harley,ebay
Vintage Harley Davidson Shirt Men XL Blue Thermal Waffle Kint Fire Flames Faded,39.91,2026-04-20,Pre-Owned,XL,harley,ebay
Vintage Harley Davidson t shirt XL Southern Nevada Las Vegas Southwest,50.0,2026-04-20,Pre-Owned,XL,harley,ebay
"Y2K Harley Davidson Graphic Tshirt Sevilla, Spain White Large Dbl Sided VTG",19.99,2026-04-20,Pre-Owned,L,harley,ebay
VTG Harley-Davidson Sleeveless Tank Mens XL White Think Ink Cartersville GA Y2K,22.46,2026-04-20,Pre-Owned,XL,harley,ebay
"Vintage 2004 Harley Davidson Too Hot Fire Eagle, Grand Rapids, MI, Faded Black L",15.0,2026-04-20,Pre-Owned,L,harley,ebay
"Harley Davidson Men's T-shirts lot of 5, size XXL large, early/mid 2000's VTG",37.25,2026-04-20,Pre-Owned,2XL,harley,ebay
Vintage Harley Davidson Shirt Sz XL Eagle 3D Emblem 19 90 Biker Tee Barnett,175.0,2026-04-20,Pre-Owned,XL,harley,ebay
Vintage 90s Harley-Davidson XL T-Shirt Black Pocket Eagle Graphic Denney’s 20818,25.55,2026-04-20,Pre-Owned,XL,harley,ebay
Vintage Harley Davidson Outpost Pueblo Colorado Mens L Made In USA Pocket Tshirt,19.99,2026-04-20,Pre-Owned,L,harley,ebay
Vintage Harley Davidson Motorcycles Biker T Shirt Size Large,20.0,2026-04-20,Pre-Owned,L,harley,ebay
Vintage Harley-Davidson T-Shirt Black w/ Right Sleeve print San Diego.,19.99,2026-04-20,Pre-Owned,XL,harley,ebay
Vintage REPRINT Harley Davidson Spider Web Longsleeve Tee Shirt XL Travis Scott,59.0,2026-04-20,New (Other),XL,harley,ebay
Vtg 00s Harley Davidson 3D Emblem Hog Power T-Shirt VF Imagewear Made in USA L,40.61,2026-04-19,Pre-Owned,L,harley,ebay
Vintage Harley Davidson Bike Week Gator Distressed Faded Long Sleeve T-Shirt XL,18.0,2026-04-19,Pre-Owned,XL,harley,ebay
Vintage Harley-Davidson Shirt Mens Medium Black 1990 America Starts Here 90s,79.99,2026-04-19,Pre-Owned,M,harley,ebay
RARE Vintage Harley Davidson T-shirt - Patriotic #1 -Size Large -see description,29.99,2026-04-19,Pre-Owned,L,harley,ebay
Vintage Y2K Harley Davidson Flames Long Sleeve T-Shirt XXL Black Biker USA,28.95,2026-04-19,Pre-Owned,2XL,harley,ebay
Lot of 10 Harley Davidson and Biker T-Shirts Bundle Various Sizes Y2K Vintage,99.99,2026-04-19,Pre-Owned,,harley,ebay
Vintage 90s Harley Davidson Flames Phoenix Eagle Graphic T-Shirt Sz L Mexico,29.99,2026-04-19,Pre-Owned,L,harley,ebay
Vintage Harley Davidson Shirt Mens Large Black 90s Motorcycle Faded Eagle USA,32.35,2026-04-19,Pre-Owned,L,harley,ebay
Vintage Harley-Davidson Looney Tunes Biker T-Shirt Men's XL Coyote Marvin Taz,37.25,2026-04-19,Pre-Owned,XL,harley,ebay
Vintage Harley-Davidson Shirt Mens XL Gray Graphic Cancun Mexico 1997 Biker 90s,18.99,2026-04-19,Pre-Owned,XL,harley,ebay
Vtg RARE 1991 Harley Davidson Yellow 3/4 Sleeve Shirt Deadstock Sz XXL Nwot,64.39,2026-04-19,New (Other),2XL,harley,ebay
Vintage Harley-Davidson Motorcycle Roswell New Mexico Men's Shirt Alien 2XL 2006,39.99,2026-04-19,Pre-Owned,2XL,harley,ebay
Harley-Davidson 1987 Vintage 3D Emblem T-Shirt American Legend,150.0,2026-04-19,Pre-Owned,L,harley,ebay
Vtg Harley Davidson Manchester Live Free or Die Tee XL Big Logo Charcoal Fade,27.0,2026-04-19,Pre-Owned,XL,harley,ebay
Vintage Harley Davidson Shirt Mens 2XL Black Flames Biker Motorcycle Long Sleeve,30.02,2026-04-19,Pre-Owned,2XL,harley,ebay
Vintage Harley Davidson 3XL Thermal Flame Shirt Black Waffle Made USA 90's Nice,85.99,2026-04-19,Pre-Owned,,harley,ebay
Vintage Harley Davidson Tshirt Mens Large Riding Biker Screaming Eagle Born Wild,49.99,2026-04-19,Pre-Owned,L,harley,ebay
Vintage Bike Week 96 Iron Horse Saloon Skeleton Harley Scrapyard XL LS T-Shirt,125.0,2026-04-19,New (Other),XL,harley,ebay
VTG Y2K Laidlaw's Harley Davidson Mens Large T-Shirt Baldwin Park CA Flame,31.99,2026-04-19,Pre-Owned,L,harley,ebay
Vintage Harley Davidson Single Stitch Screamin Eagle 90’s T-shirt Size XL,51.0,2026-04-19,Pre-Owned,XL,harley,ebay
Harley-Davidson 1987 Vintage 3D Emblem T-Shirt American Legend,150.0,2026-04-19,Pre-Owned,L,harley,ebay
Vintage Harley Davidson Snake & Eagle T-Shirt. Size XL Black,23.0,2026-04-19,Pre-Owned,XL,harley,ebay
Harley-Davidson Built To Last Pinup Girl Wrench Graphic T-Shirt Blue Mens XL VTG,17.49,2026-04-19,Pre-Owned,XL,harley,ebay
Vintage 1988 Harley Davidson 3D Emblem T Shirt L 80s Panhead Fever,145.5,2026-04-19,Pre-Owned,L,harley,ebay
"Vintage 80's Harley Davidson American Dream Road Rebel, H-D of Glendale (RARE)",25.0,2026-04-19,Pre-Owned,L,harley,ebay
Harley Davidson T-Shirt Large Black Daytona Beach Fork It Over Embroidered VTG,12.0,2026-04-19,Pre-Owned,L,harley,ebay
VTG Harley Davidson American History Black T shirt Mens XL Chicago IL,19.99,2026-04-19,New (Other),XL,harley,ebay
Vintage Harley Davidson 1996 Tee “If You Want To Blend In Take The Bus” (Large),67.99,2026-04-19,Pre-Owned,L,harley,ebay
Vintage Wholesale T Shirt Lot of 55 Graphic 80s 90s Band Movie 3D Emblem Sports,1070.0,2026-04-19,Pre-Owned,,harley,ebay
MENS LOT OF 67 HARLEY DAVIDSON T SHIRTS & VINTAGE Y2K BIKER STURGIS BLACK HILLS,616.99,2026-04-19,Pre-Owned,L,harley,ebay
Vintage 3D Emblem 1991 Harley Davidson I OWN A HARLEY NOT JUST A T-SHIRT USA XL,110.0,2026-04-19,Pre-Owned,XL,harley,ebay
Vtg 90s Harley Davidson XL Black T-shirt Pacific Honolulu Hawaii Eagle Front,24.99,2026-04-19,Pre-Owned,XL,harley,ebay
SUPER RARE VTG 80 s Single Stitch Hanes Beefy T Harley Davidson MARION OWENS XL,45.0,2026-04-19,Pre-Owned,XL,harley,ebay
Vintage Harley Davidson T-shirt Y2K 90s Taz Looney Tunes Chicago Windy City XXL,34.0,2026-04-19,Pre-Owned,2XL,harley,ebay
Vintage 2002 Harley-Davidson Men's Long Sleeve Shirt XL Black Bloomsburg PA,19.97,2026-04-19,Pre-Owned,XL,harley,ebay
Vintage Harley Davidson Wild Horses Tshirt Men’s Medium Single Stitch,59.99,2026-04-19,Pre-Owned,M,harley,ebay
Vintage 3D Emblem Harley Davidson Motorcycle T Shirt L Bald Eagle Single Stitch,75.0,2026-04-19,Pre-Owned,L,harley,ebay
Vintage Harley Davidson Large Black T-shirt Hacienda Scottsdale AZ Eagle Front,24.99,2026-04-19,Pre-Owned,L,harley,ebay
Vtg 1998 Harley Davidson XL Black T-shirt Mauston Wisconsin Flame Front,24.99,2026-04-19,Pre-Owned,XL,harley,ebay
Vtg 1999 Harley Davidson XL Black T-shirt Black River Wisconsin Eagle Front,24.99,2026-04-19,Pre-Owned,XL,harley,ebay
Lot 13 Harley Davidson t-shirts Sz Med & 2XL Early 2000s Y2K Biker Vintage,80.0,2026-04-19,Pre-Owned,M,harley,ebay
Big Dick's Halfway Inn vtg Lake Ozarks Missouri Pervert t shirt harley davidson,5.0,2026-04-19,Pre-Owned,,harley,ebay
Vtg Y2k Harley Davidson Long Sleeve Thermal Flame Graphic Sleeve USA Large AA10,72.0,2026-04-19,Pre-Owned,L,harley,ebay
Vintage Lot of early 2000s Harley Davidson & Biker T shirts SIZE XL 🔥🔥🔥,79.99,2026-04-19,Pre-Owned,XL,harley,ebay
Vintage 2011 Speedy Gonzalez Looney Toons Harley Davidson Long Sleeve Shirt L,60.0,2026-04-19,Pre-Owned,L,harley,ebay
Harley Davidson Miami Florida Vintage Iron Graphic Pocket T-shirt Men Large Gray,6.95,2026-04-19,Pre-Owned,L,harley,ebay
"Harley-Davidson Men's LGray Tank Top Vintage 2010 Biker Shirt, Frankfort, IL",10.0,2026-04-19,Pre-Owned,L,harley,ebay
Harley Davidson Vintage 1990s short Sleeve Flame Print Tee Large Faded Great,60.0,2026-04-19,Pre-Owned,XL,harley,ebay
Vintage Harley Davidson Beartooth Billings Montana T Shirt Size XL Grizzly Bear,17.5,2026-04-19,Pre-Owned,XL,harley,ebay
Vintage Harley Davidson Motorcycles Wolf Pack Norway T Shirt Mens Size XL Black,19.99,2026-04-19,Pre-Owned,XL,harley,ebay
Vintage 1989 Harley Davidson 3D Emblem Last Biker On Earth Wizard T-Shirt Rare!,325.0,2026-04-19,Pre-Owned,XL,harley,ebay
Vintage 90’s Harley Davidson Motorcycles White Cotton Men’s Tee Shirt Large,28.98,2026-04-19,Pre-Owned,L,harley,ebay
Vintage Harley Davidson Shirt Men XL Blue Sturgis 59th Anniversary Eagle 90's,13.72,2026-04-19,Pre-Owned,XL,harley,ebay
Vintage 90's We Know Harley Davidson Satan Cycle Works Tee Size XL,53.0,2026-04-19,Pre-Owned,XL,harley,ebay
Vintage 90’s HARLEY DAVIDSON T-Shirt Size 2XL DREAMCATCHER 2-Sided MADE IN USA,16.86,2026-04-19,Pre-Owned,2XL,harley,ebay
Vintage 2000 Harley Davidson T Shirt Black Engine Detroit Michigan Men's 2XL,21.99,2026-04-19,Pre-Owned,2XL,harley,ebay
Vtg 80’s HARLEY-DAVIDSON Long Sleeve SHIRT eagle XXL Holoubek V-TWIN,40.0,2026-04-19,New (Other),2XL,harley,ebay
Vintage Harley Davidson T Shirt New Bern North Carolina Men's Medium Maroon,3.25,2026-04-19,Pre-Owned,M,harley,ebay
Vintage HARLEY DAVIDSON Black Long Sleeve T Shirt BRYAN HD Moore OK Men's XXL,13.0,2026-04-19,Pre-Owned,2XL,harley,ebay
Vintage 3D Emblem Smith And Wesson Snake T Shirt Cowboy Size XL,199.99,2026-04-19,Pre-Owned,XL,harley,ebay
Vintage Harley Davidson T-Shirt Mens XL Rushmore Faded Single Stitch USA 1988,30.0,2026-04-19,Pre-Owned,XL,harley,ebay
Vintage Jesus Christ Harley Davidson Motor Hugging God Bless You RARE XL Reprint,55.2,2026-04-19,New (Other),XL,harley,ebay
Harley-Davidson Y2K Vintage Motorcycle T-Shirt Bike Week 2015 Size S,14.0,2026-04-19,Pre-Owned,S,harley,ebay
Vintage Harley Davidson Hawaii Tank Top Large Made in USA White Single-Stitch,25.27,2026-04-19,Pre-Owned,L,harley,ebay
VTG Y2K Yazbek Harley Davidson Rocky Point Mexico Corona Beer T-Shirt Men’s M,39.99,2026-04-19,Pre-Owned,M,harley,ebay
Vintage 1989 Harley Davidson 3D Emblem Last Biker On Earth Wizard T-Shirt Rare!,325.0,2026-04-19,Pre-Owned,XL,harley,ebay
Vintage Jean Claude Van Damme T Shirt Size L 90s Harley Movie Promo AOP Graphic,69.03,2026-04-19,Pre-Owned,L,harley,ebay
Vtg Harley Davidson 3D Emblem Genuine Hog w Back Eagle Graphic Single Stitch Tee,800.0,2026-04-19,Pre-Owned,L,harley,ebay
Vintage Harley Davidson Biker Shirt Mens XL Black Wabash IN Y2K 2006 Graphic Tee,34.88,2026-04-17,Pre-Owned,XL,harley,ebay
Mens Vtg Harley-Davidson 2-Sided Tie-Dyed T-Shirt Size M,25.99,2026-04-19,Pre-Owned,M,harley,ebay
"Harley Davidson Shirt Size XXL The Lone Wolf Easyriders 1992 Double Print 26x29""",39.99,2026-04-19,Pre-Owned,2XL,harley,ebay
"Vintage 1999 Harley-Davidson T-Shirt XXL Midnight Rider Naples, FL 25x30""",22.99,2026-04-19,Pre-Owned,2XL,harley,ebay
"Vintage 90s Harley Davidson World Class Eagle Shirt Size XXL Lancaster PA 24x28""",32.99,2026-04-19,Pre-Owned,2XL,harley,ebay
HARLEY DAVIDSON MENS JERSEY XL MAN CASUAL T-SHIRT VINTAGE SHORT SLEEVE AMAZONAS,29.47,2026-04-19,Pre-Owned,,harley,ebay
Vintage Harley Davidson Graphic Tee Mens Large Chrome Eagle Daytona Beach,31.49,2026-04-19,Pre-Owned,L,harley,ebay
Harley Davidson Ultra Rare Screaming Eagle Fader Biker Vintage 1995 Tee Size Lrg,100.0,2026-04-19,Pre-Owned,L,harley,ebay
Vintage Harley Davidson Henley Shirt Mens Sz M Casual Essentials Blank Tee 90s,25.99,2026-04-19,Pre-Owned,M,harley,ebay
Vintage 1995 Harley-Davidson York PA Pocket Tee XXL 2XL Made in USA Holoubek,12.0,2026-04-19,Pre-Owned,2XL,harley,ebay
Vintage 80’s Harley Davidson Hog Power T-shirt Sngle Stitch Size M,80.0,2026-04-19,Pre-Owned,M,harley,ebay
Vintage Harley Davidson Biker T Shirt Lot Of 6 Biker Long Sleeves 90’s Modern,49.99,2026-04-19,Pre-Owned,,harley,ebay
Harley-Davidson 1991 Vintage 3D Emblem Graphic T-Shirt XL- Fort Lauderdale,300.0,2026-04-19,Pre-Owned,XL,harley,ebay
Vintage Harley-Davidson Shirt Men's 2XL XXL Black Biker Skull Bones Florida*,19.99,2026-04-19,Pre-Owned,2XL,harley,ebay
"Vintage 2000 Harley-Davidson T-Shirt XL Faded Black, Homewood,IL",10.0,2026-04-19,Pre-Owned,XL,harley,ebay
"1996 Faded Vintage Harley-Davidson, Mens L., Hamlins Sturgis, MI",10.0,2026-04-19,Pre-Owned,L,harley,ebay
Vintage Harley Davidson Las Vegas Pocket T Shirt Men’s Medium Brown Graphic USA,9.88,2026-04-19,Pre-Owned,M,harley,ebay
Vintage Harley Davidson V-Rod USVI St Thomas T-Shirt Size L,19.95,2026-04-19,Pre-Owned,L,harley,ebay
Vintage David Allan Coe Shirt Mens 2XL White Long Sleeve 90s Harley Davidson USA,93.46,2026-04-19,Pre-Owned,2XL,harley,ebay
Vintage Harley-Davidson Shirt Mens Medium Black American Pride Long Sleeve Tee,28.99,2026-04-19,Pre-Owned,M,harley,ebay
Vintage Y2K Harley-Davidson Tee Lot Of 8 Large Sizes Mystery Box Resell Dream,51.0,2026-04-19,Pre-Owned,L,harley,ebay
Vintage Harley Davidson Shirt Mens XL Black Skull Biker Motorcycle Tee,19.99,2026-04-19,Pre-Owned,XL,harley,ebay
Vintage Harley Davidson Shirt Mens XL Black Skull Motorcycle Tee Rare,20.99,2026-04-19,Pre-Owned,2XL,harley,ebay
VTG Y2K Harley Davidson Biker Flames Logo 2000s VTG Shirt Mens Size L California,16.0,2026-04-19,Pre-Owned,L,harley,ebay
Vtg Harley Davidson T-Shirt Hutchins Yucca Valley Jester Skull Eagle 90s Y2K L,24.0,2026-04-19,Pre-Owned,L,harley,ebay
Vintage Harley Davidson Shirt Lot of 3 Y2K 90s Looney Tunes Tribal Single Stitch,39.99,2026-04-19,Pre-Owned,M,harley,ebay
VTG 1998 Harley Davidson Howling Wolf Mountain And Biker Sleeveless Shirt,40.0,2026-04-19,Pre-Owned,XL,harley,ebay
Vintage 80s Harley-Davidson Traverse City Michigan T-Shirt Stedman Medium,92.0,2026-04-19,Pre-Owned,M,harley,ebay
"Vtg 1992 Harley Davidson Mens L Thrashed Eagle Lightning, Hammond, IN",10.0,2026-04-19,Pre-Owned,M,harley,ebay
Mens Harley Davidson Shirt Size 2X Gray El Paso TX Vintage,15.0,2026-04-19,Pre-Owned,2XL,harley,ebay
Vintage Harley Davidson Anchorage Alaska Bear Tee Shirt Black Y2K 90s Large,49.99,2026-04-19,Pre-Owned,L,harley,ebay
Vintage Harley Davidson Spider Web Long Sleeve Shirt Medium Travis Scott Grunge,500.0,2026-04-19,Pre-Owned,M,harley,ebay
Vintage 80s/90s biker t shirt a way of life Eagle flames print size x large,26.0,2026-04-19,Pre-Owned,XL,harley,ebay
Vintage Harley Davidson Size 2XL Four Rivers Paducah Eagle AOP Graphics Eagle,16.99,2026-04-19,Pre-Owned,2XL,harley,ebay
Vintage Harley Davidson T Shirt L Pocket Tee Wisconsin,10.0,2026-04-19,Pre-Owned,L,harley,ebay
Vintage Harley Davidson T Shirt Mens L Los Angeles California Graphic Tee 90s,29.99,2026-04-19,Pre-Owned,L,harley,ebay
Vintage Harley Davidson T Shirt Men's L Red Ride to Live Winchester VA USA 90s,24.49,2026-04-19,Pre-Owned,L,harley,ebay
Vintage 1992 Bike Week Cabbage Patch Samsula Florida Biker XL Pocket T-Shirt,10.0,2026-04-19,Pre-Owned,XL,harley,ebay
Vintage Harley Davidson Harley Heaven Melbourne Australia T Shirt XL Pre-owned,21.0,2026-04-19,Pre-Owned,XL,harley,ebay
Vintage Harley Davidson Shirt Mens XL Black 90s Flames Long Sleeve Heavy Weight,79.95,2026-04-19,Pre-Owned,XL,harley,ebay
Vintage Harley-Davidson Thrashed Distressed Faded Muscle Shirt T-Shirt Adult XXL,4.0,2026-04-19,Pre-Owned,2XL,harley,ebay
Vintage Harley-Davidson T Shirt XL Toronto Ontario Canada Oneita Power T *READ*,34.0,2026-04-19,Pre-Owned,XL,harley,ebay
Vintage Harley Davison Kuwait 1945 Flat ‘45 Flathead Graphic T-Shirt Mens Medium,15.74,2026-04-19,Pre-Owned,M,harley,ebay
Vintage Harley Davidson 1989 RARE J&P Cycles T Shirt M Made In USA Black #83,131.99,2026-04-19,Pre-Owned,M,harley,ebay
Vintage 3D Emblem Harley Davidson 80s Redwood Run T Shirt Lightweight size S,650.5,2026-04-19,Pre-Owned,S,harley,ebay
Vintage Harley Davidson Shirt Men XL Black Born Lucky Biker Motorcycle Graphic,25.95,2026-04-19,Pre-Owned,XL,harley,ebay
Vintage Harley Davidson Gray T Shirt Mens Large Hale's Mansfield Ohio Biker,2.99,2026-04-19,Pre-Owned,L,harley,ebay
"Vintage 90s Harley Davidson Motorcycles Brothers' Branford, CT Eagle 1998 XXL",19.0,2026-04-19,Pre-Owned,2XL,harley,ebay
Vintage Harley-Davidson Shirt Mens Large Mother Road Arizona Kingman 2002 Tee 00,31.1,2026-04-19,Brand New,L,harley,ebay
Vintage Single Stitch 80s 90s Harley Davidson Shirt XXL 2XL,22.46,2026-04-19,Pre-Owned,2XL,harley,ebay
Vintage 2004 Harley Davidson Maryland Eagles Skulls Orange Long Sleeve Shirt S/M,27.5,2026-03-23,Pre-Owned,M,harley,ebay
Vintage Tripp's Harley-Davidson Amarillo TX 2XL Long Sleeve T-Shirt Men's DS,14.9,2026-04-19,Pre-Owned,2XL,harley,ebay
VTG 2007 Harley Davidson Bakersfield T Shirt L USA Single Stitch Cut Sleeve,18.23,2026-04-19,Pre-Owned,L,harley,ebay
Vintage RARE 1991 Harley Davidson 3D Emblem Party At Sturgis 92 Buffalo 3XL BIG,149.99,2026-04-19,Pre-Owned,3XL,harley,ebay
Vintage Harley Davidson Shirt Mens Large Black Long Sleeve Motorcycle Made USA,17.99,2026-04-18,Pre-Owned,L,harley,ebay
Harley-Davidson Seminole Sanford Florida T-Shirt Men’s XL Vintage New Tag,20.0,2026-04-18,Brand New,XL,harley,ebay
Vintage 1999 Harley Davidson Blue Grey Long sleeve Tie Dye T-Shirt Milwaukee XL,39.99,2026-04-18,Pre-Owned,XL,harley,ebay
Vintage Tampa Florida Harley Davidson T Shirt Motorcycle Size Large L,17.99,2026-04-18,Pre-Owned,L,harley,ebay
Vintage Y2K Men’s Harley Davidson Biker T-Shirt Size Large Double Sided Michigan,24.95,2026-04-18,Pre-Owned,L,harley,ebay
Vintage Y2K Harley Davidson Double Sided T-Shirt Size Large Michigan Biker,21.95,2026-04-18,Pre-Owned,L,harley,ebay
VTG Sturgis Bike Week Graphic Tshirt 2000 Y2K Harley Davidson Mens Size L,15.0,2026-04-18,Pre-Owned,L,harley,ebay
Vintage Harley-Davidson Shirt Mens XL Black Rider Choice St Thomas Graphic Tee,27.99,2026-04-18,Pre-Owned,XL,harley,ebay
Vintage 2000 HARLEY-DAVIDSON Daytona T-Shirt Made In USA Teal Sz XXL Distressed,19.6,2026-04-18,Pre-Owned,2XL,harley,ebay
VTG Harley Davidson Shirt 3XL XXXL Black Louisiana Skull Motorcycle Biker 90s,24.34,2026-04-18,Pre-Owned,3XL,harley,ebay
Vtg 90s Y2k Harley Davidson Seattle Size S Tank Top Spellout Cute Punk Orange,26.99,2026-04-18,Pre-Owned,S,harley,ebay
VNTG HARLEY UNTAMED Sz 4xl,50.0,2026-04-18,New (Other),4XL,harley,ebay
Vintage Harley-Davidson Shirt Mens XL Black Flames Hal's New Berlin Biker 2002,23.99,2026-04-18,Pre-Owned,XL,harley,ebay
Rare 90’s Vintage 3D Emblem Harley Davidson Grizzly Bear T Shirt Size 2XL Used,300.0,2026-04-18,Pre-Owned,2XL,harley,ebay
Vintage Harley Davidson Shirt Mens M Red Outlaw Leathers Hollywood California,19.99,2026-04-18,Pre-Owned,M,harley,ebay
Vintage 100% Cotton Harley Davidson ‘Never Faked’ long sleeve shirt (Large),24.75,2026-04-18,Pre-Owned,L,harley,ebay
Vintage Harley Davidson Men's T-Shirt Size Large,8.99,2026-04-18,Pre-Owned,L,harley,ebay
2021 Y2K Vintage Harley Davidson Montana Beartooth Eagle T Shirt Black Sz XL,19.99,2026-04-18,Pre-Owned,XL,harley,ebay
Vintage Y2K Harley Davidson Black Screaming Eagle Shirt Double Sided Sz Lg,22.0,2026-04-18,Pre-Owned,L,harley,ebay
Vintage Harley Davidson Australia Kangaroo Faded Distressed Motorcycle Shirt XL,31.47,2026-04-18,Pre-Owned,XL,harley,ebay
Vtg Y2K Harley Davidson T Shirt Lot XL Grunge Biker Wolf Eagle Streetwear USA,49.99,2026-04-18,Pre-Owned,XL,harley,ebay
Rare vintage harley davidson t shirt 90’s made in USA XLarge XL 1997 Special Ed.,35.0,2026-04-18,Pre-Owned,XL,harley,ebay
Lot of 3 Vintage Harley Davidson T-Shirts Motorcycle Graphic Tees Mens Size XL,34.99,2026-04-18,Pre-Owned,XL,harley,ebay
Vintage Y2K Harley Davidson Biker Tank Top White Size 2XL,20.0,2026-04-18,Pre-Owned,2XL,harley,ebay
Harley-Davidson 1980s Flame Westminster California Longsleeve Vintage Size L,300.0,2026-04-18,Pre-Owned,L,harley,ebay
VTG 2012 LIBERTY HARLEY DAVIDSON RAHWAY NEW JERESEY PERFECT SPECS LONGSLEEVE,12.0,2026-04-18,Pre-Owned,XL,harley,ebay
Vintage 80’s 3D Emblem Harley Davidson “Wild And Free” RARE T-Shirt Size M,899.95,2026-04-18,Pre-Owned,M,harley,ebay
Harley-Davidson Pinup Girl T-Shirt Size XL All Over Print Vintage Motorcycle,59.99,2026-04-18,Pre-Owned,XL,harley,ebay
Vintage Harley Davidson T Shirt Men XL Baldwin Park Cali Wolf Graphic 2000 USA,15.0,2026-04-18,Pre-Owned,XL,harley,ebay
VTG 2002 Harley Davidson Caribbean St. Thomas US Virgin Island T Shirt Mens SZ L,8.0,2026-04-18,Pre-Owned,L,harley,ebay
Vtg Rare Harley Davidson “ Off The Scale” T Shirt By Fun Wear 3X Single Stitch,65.0,2026-04-18,Pre-Owned,M,harley,ebay
Harley Davidson Vintage T-shirt Large Righteous Rulers 3D Emblem 1991,75.0,2026-04-18,Pre-Owned,L,harley,ebay
VTG 1987 3D Emblem Harley Davidson Motorcycles American Eagle T Shirt 1980s XL,40.75,2026-04-18,Pre-Owned,XL,harley,ebay
Vintage Y2K Harley Davidson Eagle Thunderbolt Shirt XL Lightning Butte Montana,30.0,2026-04-18,Pre-Owned,XL,harley,ebay
Vintage Harley Davidson Shirt Mens Large Black Billiards Motorcycle 2000s USA,24.99,2026-04-18,Pre-Owned,L,harley,ebay
VTG Lot of 2 Harley Davidson Thrashed XL Tee Shirts 3D Emblem American Classics,59.99,2026-04-18,Pre-Owned,XL,harley,ebay
Harley Davidson 1991 3D Emblem The Great American Hog Vintage Tee Shirt XSmall,366.46,2026-04-18,Pre-Owned,XS,harley,ebay
Vintage 1992 Taz Harley Davidson T Shirt Size XL Unleash Beast Has Hole In Front,24.99,2026-04-18,Pre-Owned,XL,harley,ebay
Vintage 90s Single Stitch 3D Emblem Harley Davidson “fear No Evil” Shirt Size M,182.5,2026-04-18,Pre-Owned,M,harley,ebay
Vintage Y2K Harley Davidson Skull Emo Long Sleeve Mens 2 XL Logo White Tee,23.0,2026-04-18,Pre-Owned,2XL,harley,ebay
Vtg Harley Davidson Mens XL T-Shirt Black Pikes Peak Colorado Bald Eagle USA,31.99,2026-04-18,Pre-Owned,XL,harley,ebay
T-Shirt Lot Of 43 Harley Davidson Biker Motorcycle Modern Y2K Vintage 90s NASCAR,350.0,2026-04-18,Pre-Owned,,harley,ebay
Vintage Faded Harley Davidson Motorcycles Biker T Shirt Size XL,17.0,2026-04-18,Pre-Owned,XL,harley,ebay
VNTG HARLEY UNTAMED Sz 4xl,50.0,2026-04-18,New (Other),4XL,harley,ebay
Vintage Harley Davidson Shirt Mens XL Black Eagle Flames Georgia Biker Moto Y2K,16.37,2026-04-18,Pre-Owned,XL,harley,ebay
VINTAGE HARLEY DAVIDSON T-SHIRT EAGLE FLYING KELLEY'S HOUSE BILLERICA MA MEDIUM,10.0,2026-04-18,Pre-Owned,M,harley,ebay
Vintage 90s Harley Davidson Graphic Pocket T-Shirt XL USA Rocky Mountains Eagle,29.99,2026-04-18,Pre-Owned,XL,harley,ebay
Harley Davidson Vintage Clown Graphic T Shirt,17.99,2026-04-18,Pre-Owned,M,harley,ebay
"VINTAGE HARLEY DAVIDSON T-SHIRT BOAR'S HEAD ""KELLEY'S HOUSE BILLERICA MA"" MEDIUM",15.0,2026-04-18,Pre-Owned,M,harley,ebay
Vintage Harley Davidson HD 1996 Persevere Print T Shirt Sz L Green USA,20.0,2026-04-18,Pre-Owned,L,harley,ebay
"Vintage Harley Davidson Eagle Eau Claire, WI Shirt Size Medium",12.0,2026-04-18,Pre-Owned,M,harley,ebay
Vintage Harley Davidson Shirt Mens XL Run To Laughlin 2002 RK Stratman NWT Y2K,24.99,2026-04-18,Brand New,XL,harley,ebay
Vintage 90s Harley Davidson Laughlin River Run Graphic Shirt Size XL 1996 USA,22.99,2026-04-18,Pre-Owned,XL,harley,ebay
Vintage Harley Davidson Motorcycles Cayman Islands T-shirt XL Eagles Nest,14.99,2026-04-18,Pre-Owned,XL,harley,ebay
Black Vtg 2002 Graphic Print Skull Harley Davidson Shirt 2X Tall,7.0,2026-04-18,Pre-Owned,,harley,ebay
Harley Davidson Shirt Men XL Vintage Sixties HDMC JFK MLK Woodstock Alaska House,42.49,2026-04-04,Pre-Owned,XL,harley,ebay
Vintage 90's 1995 Harley Davidson Single Stitch T Shirt Size XL,50.0,2026-04-18,Pre-Owned,XL,harley,ebay
Vintage Harley Davidson Thrashed Mens XL White Long Sleeve T-Shirt,19.99,2026-04-18,Pre-Owned,XL,harley,ebay
Vintage Harley-Davidson Orlando Pirates Treasure Ship Short Sleeve Shirt 2XL,15.95,2026-04-18,Pre-Owned,2XL,harley,ebay
Vintage Harley Davidson Sundance Wyoming 1X Black T-Shirt 2010,32.0,2026-04-18,Pre-Owned,,harley,ebay
Harley Davidson Mix Shirt Bundle Size Med & Lrg Lot Of 21 Graphic VTG Y2K Modern,150.0,2026-04-18,Pre-Owned,M,harley,ebay
VNTG HARLEY UNTAMED Sz 4xl,50.0,2026-04-18,New (Other),4XL,harley,ebay
Vintage Harley-Davidson Shirt Large Black United Arab Emirates,12.0,2026-04-18,Pre-Owned,L,harley,ebay
Vintage Harley Davidson 3D Emblem T-Shirt Large 1990 Single Stitch Bald Eagle,149.99,2026-04-18,Pre-Owned,L,harley,ebay
Vintage harley davidson 3d emblem oregon biker tee from the 80s,67.0,2026-04-18,Pre-Owned,L,harley,ebay
Harley T Shirt White Vintage Wt Shirt eBay. Sale Motorcycle Bike,30.0,2026-04-18,Pre-Owned,XL,harley,ebay
Vintage Harley-Davidson Long-Sleeve Thermal Shirt Graphic Mens X-Large,26.0,2026-04-18,Pre-Owned,XL,harley,ebay
VTG Harley Davidson Legends Live Where Legends Roam Thermal Long Sleeve,71.0,2026-04-18,Pre-Owned,XL,harley,ebay
Vintage Harley Davidson Chicago Illinois Y2K Long Sleeve Motor XL Shirt REPRINT,69.0,2026-04-18,New (Other),XL,harley,ebay
Men’s XL Vintage Harley Davidson Barbados Shirt Tie Dye,45.0,2026-04-18,Pre-Owned,XL,harley,ebay
Vtg 80s Harley Davidson Put Your Ass On Some Class T-Shirt Sportswear Size XL,110.0,2026-04-18,Pre-Owned,XL,harley,ebay
Vintage Harley Davidson Fat Boy Comin’ Through Shirt XL Scottsdale AZ Hacienda,12.71,2026-04-18,Pre-Owned,XL,harley,ebay
Vintage 90's Harley Davidson Hot on the Road Too Cold At Home Tee Size 3XL,44.99,2026-04-18,Pre-Owned,3XL,harley,ebay
Vintage Harley-Davidson Shirt Mens 2XL Black Palm Springs CA 2001 Eagle Thunder,34.99,2026-04-18,Pre-Owned,2XL,harley,ebay
Vintage HARLEY DAVIDSON T Shirt Mens L 90s Black Cancun Forever Eagle Flag 1999,11.28,2026-04-18,Pre-Owned,L,harley,ebay
Vintage T Shirt Mens L Sturgis 3D Emblem Harley Davidson Motorcycle Eagle Aztec,53.33,2026-04-18,Pre-Owned,L,harley,ebay
Harley-Davidson Vintage Black T-Shirt 2XL,25.0,2026-04-18,Pre-Owned,2XL,harley,ebay
Vintage 1999 Harley Davidson Fat Boy V-twin Joliet Illinois Shirt Black XXL USA,25.0,2026-04-18,Pre-Owned,2XL,harley,ebay
Vintage 1999 Harley Davidson Fat Boy V-twin Joliet Illinois Shirt Black XXL USA,25.0,2026-04-18,Pre-Owned,2XL,harley,ebay
Harley Davidson Neon Eagle T Shirt 80s Vtg XL Faded Black Sleeveless Distressed,1.0,2026-04-18,Pre-Owned,XL,harley,ebay
"VTG Harley Davidson t shirt Men’s 3XL, Harley Shoppe Wytheville Virginia EUC",22.99,2026-04-18,Pre-Owned,3XL,harley,ebay
Vintage Harley Davidson Shirt Men’s 2XL Black Motorcycles Made In USA New Castle,17.49,2026-04-18,Pre-Owned,2XL,harley,ebay
Vintage 80s Harley Davidson Heritage Softail Motorcycle Black Tee Size Large,80.0,2026-04-18,Pre-Owned,L,harley,ebay
Vintage Harley Davidson Gotta Have One T Shirt Men’s 4XL Oversized 90’s Germany,49.99,2026-04-18,Pre-Owned,4XL,harley,ebay
Harley Davidson Vintage T Shirt Single Stitch Dragon Graphic 2 Sided Dallas TX,150.0,2026-04-18,Pre-Owned,XL,harley,ebay
Vintage Y2K 2001 Harley Davidson Victorville California Eagle Biker Tank Top 2X,17.84,2026-04-18,Pre-Owned,2XL,harley,ebay
Vintage Harley Davidson Shirt Lot 26pc Men Women Kids Tees Y2K Mixed Sizes,52.0,2026-04-18,Pre-Owned,,harley,ebay
Vintage Harley Davidson Biker T Shirt Lot Of 10 Pin Up Tie Dye All 2XL,120.0,2026-04-18,Pre-Owned,2XL,harley,ebay
Vintage 2016 Americade Harley-Davidson T-Shirt White Mens Large Rally Tee Biker,15.3,2026-04-18,Pre-Owned,L,harley,ebay
1995 Vintage Y2K Harley Davidson Shirt – Size XL – Faded Black USA,17.0,2026-04-18,Pre-Owned,XL,harley,ebay
Vintage 90s Harley Davidson Black Henley T-Shirt Lynchburg Size XL,15.0,2026-04-18,Pre-Owned,XL,harley,ebay
Vintage Y2K Harley Davidson Tank Top Mens XL Gray Motorcycles USA Topeka KS,19.95,2026-04-18,Pre-Owned,XL,harley,ebay
Harley Davidson Vintage Dragon Shirt,115.0,2026-04-18,Pre-Owned,L,harley,ebay
Vintage Harley Davidson Shirt Mens XL Black 90S Shield Biker Motorcycle Tee USA,49.99,2026-04-18,Pre-Owned,XL,harley,ebay
Vintage Harley Davidson Shirt XL Black 90s Easy riders Flames Biker Motorcycle,38.21,2026-04-18,Pre-Owned,XL,harley,ebay
VINTAGE Harley-Davidson 90s 3 Button T-Shirt USA Made Single-Stitch XL,23.4,2026-04-18,Pre-Owned,XL,harley,ebay
Vintage Harley Davidson 3D Emblem Survival Of The Fittest Dog Shirt Size XL 90s,72.87,2026-04-18,Pre-Owned,XL,harley,ebay
Vintage 90s Jai Du Chien Funny Huneur Designs Dog Single Stitch Shirt Size XL,13.57,2026-04-18,Pre-Owned,XL,harley,ebay
Vintage Harley Davidson 1993 90th Anniversary T-Shirt Men’s XL Single Stitch,19.95,2026-04-18,Pre-Owned,XL,harley,ebay
Vintage 90s Harley Davidson Baton Rouge Louisiana Biker Shirt,30.0,2026-04-18,Pre-Owned,XL,harley,ebay
Vintage Harley Davidson Skull Graphic Design Red Tank Top XL Distressed Florida,21.25,2026-04-18,Pre-Owned,XL,harley,ebay
Vintage 3 XL orange motorcycle Harley Davidsons work suck let’s ride T-shirt,17.0,2026-04-18,Pre-Owned,,harley,ebay
Harley Davidson Eagle Tee - Men’s Large Vintage - Indiana Classic - Red,12.0,2026-04-18,Pre-Owned,L,harley,ebay
Harley Davidson Shirt Mens 2XL Black Las Vegas Nevada Racing Tee Biker Pin Up,17.42,2026-04-18,Pre-Owned,2XL,harley,ebay
Vtg Harley Davidson Long Sleeve Shirt Men XL Blue Tye Dye Shield 2000s Virginia,20.0,2026-04-18,Pre-Owned,XL,harley,ebay
Vintage 3D Emblem Harley Davidson Biker Eagle USA Graphic T-Shirt 90s Mens,49.99,2026-04-18,Pre-Owned,XL,harley,ebay
Vintage 90s Harley Davidson Tee Mens 2XL Black Super Bikes St Maarten Map,25.0,2026-04-17,Pre-Owned,2XL,harley,ebay
Vintage Harley-Davidson Shirt Mens XL Black Kentucky State Rally 1995 Tee 90s,29.99,2026-04-17,Pre-Owned,XL,harley,ebay
Vintage 90s Harley Davidson Shirt The Alamo historic Texas San Antonio large,15.0,2026-04-17,Pre-Owned,L,harley,ebay
Vintage 1997 Harley Davidson Blue Tie Dye Size XL Motorcycle Biker Henley Tshirt,24.95,2026-04-17,Pre-Owned,XL,harley,ebay
"VTG 1998 Harley Davidson Spirit of Harley Davidson Juneau, Alaska Men's Size XL",69.99,2026-04-17,Pre-Owned,XL,harley,ebay
VTG Harley Davidson American History Black T shirt Mens XL Chicago IL St Louis,16.49,2026-04-17,Pre-Owned,XL,harley,ebay
Vintage Harley Davidson Flame Sleeve Biker Shirt Fire Cotton Medium USA 1993,149.0,2026-04-17,Pre-Owned,M,harley,ebay
Vintage 3 Piece Harley Davidson T Shirt Bundle,40.0,2026-04-17,Pre-Owned,XL,harley,ebay
Vintage Harley-Davidson Maui Hawaii Pacific Hula Girl T-Shirt 1996 Size XL,22.97,2026-04-17,Pre-Owned,XL,harley,ebay
"Vintage Harley Davidson “Motor Clothes” Graphic Shirt Large Cozumel, Mexico Worn",4.99,2026-04-17,Pre-Owned,L,harley,ebay
"VTG 90s Harley-Davidson ""Live To Ride"" Freeport Bahamas Mens T Shirt Size 2XL",17.99,2026-04-17,Pre-Owned,2XL,harley,ebay
Vtg 90’s Easyrider Magazine T Shirt Sz XL Tribal Trucker Biker Motorcycle Skull,19.99,2026-04-17,Pre-Owned,XL,harley,ebay
Vintage 90s Harley-Davidson T-Shirt XL R.K. Stratman Silent Gray Fellow Steele's,39.99,2026-04-17,Pre-Owned,XL,harley,ebay
Vtg Harley Davidson Champion Roswell NM Alien Shirt Adult Size XL Short Sleeve,20.35,2026-04-17,Pre-Owned,XL,harley,ebay
Vintage 90s Harley Davidson and Marlboro Man Movie Film Promo T Shirt Biker Rock,78.77,2026-04-17,Pre-Owned,XL,harley,ebay
Vintage Black 90s Harley Davidson T-Shirt Flames Biker Black Size X-Large,26.99,2026-04-17,Pre-Owned,L,harley,ebay
LOT 12 Vintage Y2K 90s Wholesale Bundle Graphic Shirts Movie Video Game Cartoon,53.0,2026-04-17,Pre-Owned,,harley,ebay
Vintage Harley Davidson Shirt The Holy Ranger T-Shirt Size Medium 90s,39.95,2026-04-17,Pre-Owned,M,harley,ebay
Vintage 1997 Harley Davidson T Shirt Men’s XXL Beach Graphic Tie Dye Abstract,29.99,2026-04-17,Pre-Owned,2XL,harley,ebay
Vintage Harley Davidson Shirt Mens Large Black 90s Flames Motorcycle Biker Eagle,28.45,2026-04-17,Pre-Owned,L,harley,ebay
Vintage 1998 Harley-Davidson Lima Ohio Embroidered Logo Biker T-Shirt USA Large,38.24,2026-04-17,Pre-Owned,L,harley,ebay
Vintage Harley Davidson Live To Ride Eagle Tank Top Fischers Elgin IL Black XL,26.88,2026-04-17,Pre-Owned,XL,harley,ebay
Vintage Y2K Harley Davidson T Shirt Las Vegas Nevada Large + Metallica Shirt,48.01,2026-04-17,Pre-Owned,L,harley,ebay
Vintage Harley Davidson 2000 Fisherman's Wharf San Francisco Vintage Tee Mens XL,22.0,2026-04-17,Pre-Owned,XL,harley,ebay
Vintage Harley Davidson Like Blue Flame Long Sleeve 2XL Killer Clown Y2K Street,60.0,2026-04-17,Pre-Owned,2XL,harley,ebay
Vintage Harley Davidson Skull T Shirt Cut Sleeves Eagle Double Sided Black 3XL,7.99,2026-04-17,Pre-Owned,3XL,harley,ebay
Vintage Harley Davidson Ketchikan Alaska Tee XL Inside Passage USA,30.0,2026-04-17,Pre-Owned,XL,harley,ebay
Vtg 1995 Harley Davidson T Shirt Black Hills Rally USA Sz XL 90s,25.0,2026-04-17,Pre-Owned,XL,harley,ebay
Vintage Y2K Harley Davidson T Shirt Las Vegas Nevada Large Brown Double Sided,24.03,2026-04-17,Pre-Owned,L,harley,ebay
Vintage 90s Distressed Faded Harley Davidson Hawaii Rainbow Biker T Shirt Size L,32.0,2026-04-17,Pre-Owned,L,harley,ebay
Vintage 80s Harley Davidson Motorcycles More Than A Machine Paper Thin T-Shirt X,99.95,2026-04-17,Pre-Owned,L,harley,ebay
Vintage 90s Faded Easyriders Biker Never Forget Harley Davidson T-Shirt Ohio XL,31.99,2026-04-17,Pre-Owned,XL,harley,ebay
VTG 1986 Harley Davidson 3D Emblem Good Guys Wear Black T-Shirt Black Sz XL,175.0,2026-04-17,Pre-Owned,XL,harley,ebay
Vintage Harley Davidson T Shirt Men’s 2XL Medina Ohio Y2K USA Made Orange,6.49,2026-04-17,Pre-Owned,2XL,harley,ebay
Vintage REPRINT Harley Davidson Red Flames Longsleeve Flame T-Shirt XL,25.5,2026-04-17,Pre-Owned,XL,harley,ebay
Vintage Harley Davidson Flame Logo T-Shirt Mens XL Hal's FADED 2001 Made in USA,60.0,2026-04-17,Pre-Owned,XL,harley,ebay
Harley-Davidson Men's Vintage T-Shirt 2011 Size L,19.99,2026-04-17,Pre-Owned,L,harley,ebay
Vintage 60s Roach Harley Davidson 3 Wheeler Shirt Fits Mens Small Blue,69.99,2026-04-17,Pre-Owned,S,harley,ebay
Vintage 80s Harley Davidson black t-shirt with eagle design size unknown,75.0,2026-04-17,Pre-Owned,S,harley,ebay
Vintage 1980’s Harley Davidson T-Shirt Colorado Springs Size Large Rare,99.0,2026-04-17,Pre-Owned,L,harley,ebay
Vintage Harley Davidson Shirt Mens Medium Gray Bikers Only Milwaukee Faded 80s,148.98,2026-04-17,Pre-Owned,M,harley,ebay
Harley Shirt 2005 Mens XL Vintage Duluth Minnesota Gray Motorcycle Biker Tee Y2K,20.99,2026-04-17,Pre-Owned,XL,harley,ebay
50pc Harley Davidson & Biker Shirt Lot Vintage Y2K XL-3XL,350.0,2026-04-17,Pre-Owned,2XL,harley,ebay
Vintage 90s Harley Davidson Israel Flintstones Shirt Mens XL Cartoon Tee,34.99,2026-04-17,Pre-Owned,XL,harley,ebay
VTG HARLEY DAVIDSON EAGLE BAR AND SHIELD 1991 MENS T TEE SHIRT XL GREEN U.S.A.,39.99,2026-04-17,Pre-Owned,XL,harley,ebay
"VINTAGE Harley-Davidson Shirt Mens L- Conquistador Graphic San Juan, Puerto Rico",9.99,2026-04-17,Pre-Owned,L,harley,ebay
"Vintage Harley Davidson T-Shirt Keys Cycle Islamorada, Florida Keys Large",15.0,2026-04-17,Pre-Owned,L,harley,ebay
Lot of 5 Harley-Davidson Vintage T-Shirts – Made in USA – Sizes L/XL,45.0,2026-04-17,Pre-Owned,XL,harley,ebay
Rare VTG 3D EMBLEM Harley Cut Off Sleeves 1992 T Shirt Distressed,30.0,2026-04-17,Pre-Owned,,harley,ebay
Choppers Iron Cannibal Vintage T Shirt Mens Size Large Short Sleeve Grunge Y2K,20.0,2026-04-17,Pre-Owned,L,harley,ebay
Harley-Davidson Vintage Bar & Shield Graphic Long Sleeve T-Shirt Size XL,35.0,2026-04-17,Pre-Owned,XL,harley,ebay
Vintage 1980s Harley Davidson 3D Emblem T Shirt,300.0,2026-04-17,Pre-Owned,XL,harley,ebay
Vintage 1990 Sturgis Black Hills “I MADE IT” Graphic T Shirt Large SD,17.49,2026-04-17,Pre-Owned,L,harley,ebay
Vintage Harley Davidson Shirt Mens 2XL Australia Biker Motorcycle Shark Black,69.95,2026-04-17,Pre-Owned,2XL,harley,ebay
Vintage 90s Harley Davidson Nature Bear Shirt The Strong Survive Size XL Biker,60.0,2026-04-17,Pre-Owned,XL,harley,ebay
Vintage Harley Davidson 3d Emblem Shirt Large 22x27 50/50 Cotton,120.0,2026-04-17,Pre-Owned,L,harley,ebay
Vintage BOOT West Coast Choppers White Jesse Who T Shirt XL Longsleeve Black,49.0,2026-04-17,New (Other),XL,harley,ebay
VTG 1987 Elvis Presley Harley Davidson American Legends Single Stitch T Shirt XL,89.99,2026-04-17,Pre-Owned,XL,harley,ebay
Vintage Harley Davidson Betty Boop T Shirt Size XL 1990’s Motorcycle Tee Rare,80.0,2026-04-17,Pre-Owned,L,harley,ebay
Vintage Harley Davidson Screamin' Eagle NHRA Drag Racing T-Shirt Large,24.23,2026-04-17,Pre-Owned,L,harley,ebay
95 Vintage Black Harley Davidson Shirt Sturgis Made In Usa,30.0,2026-04-17,Vintage Black Harley Shirt Sturgis Made In Usa,,harley,ebay
Vtg 90s Harley Davidson Eagle Graphic Tank Sz L 100% Cotton Biker Harley Country,19.99,2026-04-17,Pre-Owned,L,harley,ebay
Vintage Harley Davidson Skulls Flame Tribal Y2K Long Sleeve Size XL,50.0,2026-04-17,Pre-Owned,XL,harley,ebay
Vintage Hardly Davidson Motorcycle Long Sleeve Shirt. Size X-large. 100% Cotton.,19.99,2026-04-17,Pre-Owned,XL,harley,ebay
Vintage Harley Davidson Long sleeve Tee,40.0,2026-04-17,Pre-Owned,XL,harley,ebay
Vintage Harley Davidson Shirt XL * Eagle T Shirt Motorcycle Biker 1990 90s Fade,26.8,2026-04-17,Pre-Owned,XL,harley,ebay
Vtg Y2K Harley Davidson Short Sleeve T-Shirt Eagle U.A.E Dubai Mens Sz XL,17.99,2026-04-17,Pre-Owned,XL,harley,ebay
Vintage 90s Harley Davidson National Roundup T Shirt Mens Size XL Single Stitch,25.0,2026-04-17,Pre-Owned,XL,harley,ebay
Vintage 80s Harley-Davidson Reno Nevada Eagle Graphic T-Shirt,80.0,2026-04-17,Pre-Owned,XL,harley,ebay
Harley-Davidson Rules Men’s Vintage Long Sleeve Large,25.0,2026-04-17,Pre-Owned,L,harley,ebay
Vintage Harley Davidson Eagle Holoubek 1994 Lafayette Indiana USA Single Stitch,30.0,2026-04-17,Pre-Owned,XL,harley,ebay
Harley Davidson Motorcycle TShirt Mens XL San Francisco CA Dudley Perkins VTG,24.65,2026-04-17,Pre-Owned,XL,harley,ebay
Vtg 90s Harley Davidson Hog Florida Rally St Pete Florida Double Sided Sz M,24.99,2026-04-17,Pre-Owned,M,harley,ebay
VTG Harley Davidson Mens XL T Shirt Black Wilmington NC Biker Motorcycles USA Fs,18.19,2026-04-17,Pre-Owned,XL,harley,ebay
Vtg 80s Harley Davidson Mens Muscle Tank T Shirt Cycle Craft Boston Mass Size L,45.0,2026-04-17,Pre-Owned,L,harley,ebay
Vintage 80s Harley Davidson T Shirt Sz Large Make My Day Try To Steal My Bike,60.0,2026-04-17,Pre-Owned,L,harley,ebay
Harley Davidson Vintage Topeka Kansas T Shirt Twister Tornado Black,25.5,2026-04-17,Pre-Owned,,harley,ebay
Vintage Harley Davidson Distressed Shirt Mens XL Motorcycle Biker Sleeveless Y2K,15.95,2026-04-17,Pre-Owned,XL,harley,ebay
Vintage Harley Davidson T-Shirt Roo Country Australia XL RARE,17.0,2026-04-17,Pre-Owned,XL,harley,ebay
Vintage Y2K Harley Davidson Shift Happens T Shirt Mens Size XL Black USA Made,34.99,2026-04-17,Pre-Owned,XL,harley,ebay
Vintage Sportswear Harley Davidson T-Shirt XL Motorcycle Biker 1986 Made in USA,43.1,2026-04-17,Pre-Owned,XL,harley,ebay
Vintage Harley Davidson T Shirt Size M Faded Black Y2K 90s Biker Grunge Skater,17.99,2026-04-17,Pre-Owned,M,harley,ebay
Vintage Harley Davidson Shirt XL Black 90s Eagle Faded Biker Tee Mountains,75.0,2026-04-17,Pre-Owned,XL,harley,ebay
VTG Harley Davidson Shirt Mens XL Green Crew Neck Sturgis Y2K USA Made Spellout,19.98,2026-04-17,Pre-Owned,XL,harley,ebay
"Harley-Davidson Men's Graphic Long Sleeve T-Shirt, XXL VTG, 100 Year Anniversary",25.0,2026-04-17,Pre-Owned,2XL,harley,ebay
Vintage Harley Davidson Sturgis Rally SD Fire Flame Lot Of 2 Longsleeve XL,35.0,2026-04-17,Pre-Owned,XL,harley,ebay
Vintage 1994 Large Harley Davidson Chrome & Steel TShirt Pleasent Hill CA Size M,150.0,2026-04-17,Pre-Owned,L,harley,ebay
Vintage Harley Davidson Baton Rogue Louisiana Shirt Size L Biker Faded 90’s,12.0,2026-04-17,Pre-Owned,L,harley,ebay
Harley Davidson Vintage Chicago Illinois Y2K Long Sleeve Motor (L) Shirt REPRINT,69.0,2026-04-17,New (Other),L,harley,ebay
Vintage Hanes Harley-Davidson Shirt Mens Small Red Henley Sunset Florida USA,29.98,2026-04-17,Pre-Owned,S,harley,ebay
Vintage Harley Davidson T Shirt Mens Large Nevada Las Vegas Wings Double Sided,15.0,2026-04-17,Pre-Owned,L,harley,ebay
Vintage Stedman Harley-Davidson Shirt Mens Large Sleeveless Milwaukee Iron 80s,34.98,2026-04-17,Pre-Owned,L,harley,ebay
VTG Harley Davidson Flames Long Sleeve T Shirt Mens XL Black Jesse Pinkman Y2k,45.92,2026-04-17,Pre-Owned,XL,harley,ebay
Vintage Harley Davidson Shirt Mens XL Black 80S Biker Motorcycle Eagle Tee 1980s,99.99,2026-04-17,Pre-Owned,XL,harley,ebay
VTG 90s Harley-Davidson Metallic Big Eagle Shield Faded Worn T-Shirt Size 2xl,60.0,2026-04-17,Pre-Owned,2XL,harley,ebay
Vintage Harley Davidson Tank Top Acid Wash Brown Motorcycle Made in USA Florida,13.0,2026-04-17,Pre-Owned,XL,harley,ebay
Vtg 1992 HARLEY DAVIDSON Motorcycle Daytona BIKE WEEK T-Shirt Single Stitch XL,29.99,2026-04-17,Pre-Owned,XL,harley,ebay
VINTAGE 1993 Harley Davidson T-Shirt Extra Large XL Mens Single Stitch Biker,40.54,2026-04-17,Pre-Owned,XL,harley,ebay
Vintage Harley-Davidson T-shirt Mens XL Only Strong Survive Eagle Dragon Erie PA,69.99,2026-04-17,Pre-Owned,XL,harley,ebay
Vintage Harley Davidson Graphic T Shirt 90s USA Size XL Nature Eagle Wolf Spirit,34.99,2026-04-17,Pre-Owned,XL,harley,ebay
VINTAGE 1992 HARLEY-DAVIDSON HOLOUBEK BLACK TEE T-SHIRT MEN'S SIZE XL,49.99,2026-04-17,Pre-Owned,XL,harley,ebay
VTG Harley Davidson T-Shirt Blue Tie-Dye Black Diamond Made In USA Size L,28.99,2026-04-17,Brand New,L,harley,ebay
Vintage 80s Harley-Davidson Wings Single Stitch Cropped Cut Off T-Shirt - Large,22.94,2026-04-16,Pre-Owned,L,harley,ebay
Harley brown washed Shirt L EAGLE FROM AMERICAN STEEL TO WHEELS MUNSTER - IN,14.24,2026-04-16,Pre-Owned,L,harley,ebay
Vintage 1991 Harley Davidson T-Shirt Black Men’s Large HOG Harley Owners Group,16.95,2026-04-16,Pre-Owned,L,harley,ebay
Vintage 2001 Sturgis Black Hills Motorcycle Rally Harley Davidson Mens Size XL,21.24,2026-04-16,Pre-Owned,XL,harley,ebay
Vintage Y2K 2003 Harley Davidson Trail Of Tears Size Men’s Large,10.0,2026-04-16,Pre-Owned,L,harley,ebay
Vintage 1987 Harley Davidson Honolulu Hawaii T Shirt XL Black Eagle USA,44.99,2026-04-16,Pre-Owned,XL,harley,ebay
Harley Davidson Maui Hawaii T Shirt USA Made XL Vintage Faded Tee,39.99,2026-04-16,Pre-Owned,XL,harley,ebay
Vtg Harley Davidson 1996 T-Shirt XL Seattle Washington Cream Men’s Biker Motocyc,49.99,2026-04-16,Pre-Owned,XL,harley,ebay
Harley-Davidson 1998 Vintage T-Shirt Seattle Washington XL,40.0,2026-04-16,Pre-Owned,XL,harley,ebay
Y2K Harley Davidson Vintage T Shirt Mens Size XL Downtown Seattle,32.0,2026-04-16,Pre-Owned,XL,harley,ebay
